,name,price
0,Don'ukellam Don T-Shirt,Rs 499.00 
1,Vaadaa En Area'ku Vaadaa T-Shirt,Rs 499.00 
2,You Go Man! Why Me? T-Shirt,Rs 499.00 
3,Varalaru Mukkiyam Amaichare T-Shirt,Rs 499.00 
4,Animal Lover T-Shirt,Rs 499.00 
5,Idhu Valiba Vayasu T-shirt,Rs 499.00 
6,Spidey Beyond Amazing - Official Spider Man T Shirt,Rs 499.00 
7,Retro Art Beyond Amazing - Official Spider Man T Shirt,Rs 499.00 
8,Masks Beyond Amazing - Official Spider Man T Shirt,Rs 499.00 
9,Dimensions - Official Spider Man T Shirt,Rs 499.00 
10,1977 - The Origin - Official Spider Man T Shirt,Rs 499.00 
11,Posing Beyond Amazing - Official Spider Man T Shirt,Rs 499.00 
12,Swinging Beyond Amazing - Official Spider Man T Shirt,Rs 499.00 
13,Power and Responsibility - Official Spider Man T Shirt,Rs 499.00 
14,Star Wars Logo - Official Star Wars T Shirt,Rs 499.00 
15,The Death Star - Official Star Wars T Shirt,Rs 499.00 
16,May The Force Be With You - Official Star Wars T Shirt,Rs 499.00 
17,Obi Wan the Powerful - Official Star Wars T Shirt,Rs 499.00 
18,Luke Skywalker Jedi - Official Star Wars T Shirt,Rs 499.00 
19,Darth Vader Faith - Official Star Wars T Shirt,Rs 499.00 
20,Darth Vader Management Consulting - Official Star Wars T Shirt,Rs 499.00 
21,Rebels - Official Star Wars T Shirt,Rs 499.00 
22,Dark Lord Of The Sith - Official Star Wars T Shirt,Rs 499.00 
23,Millennium Falcon - Official Star Wars T Shirt,Rs 499.00 
24,Retro Dark Side - Official Star Wars T Shirt,Rs 499.00 
25,Storm Trooper Empire - Official Star Wars T Shirt,Rs 499.00 
26,Storm Trooper Galaxy- Official Star Wars T Shirt,Rs 499.00 
27,This Is The Way - Official Star Wars Baby Yoda T Shirt,Rs 499.00 
28,Wanted For Being Too Cute - Official Star Wars Baby Yoda T Shirt,Rs 499.00 
29,Do or Donut - Official Star Wars Baby Yoda T Shirt,Rs 499.00 
30,Hakuna Matata - Official Lion King T Shirt,Rs 499.00 
31,Simba Silhouette - Official Lion King T Shirt,Rs 499.00 
32,Pumba Silhouette - Official Lion King T Shirt,Rs 499.00 
33,Scared Pumba - Official Lion King T Shirt,Rs 499.00 
34,Above The Clouds - Official Mickey Mouse T Shirt,Rs 499.00 
35,Hmm - Official Mickey Mouse T Shirt,Rs 699.00 
36,Another Perfect Day - Official Mickey Mouse T Shirt,Rs 699.00 
37,Laughing Mickey - Official Mickey Mouse (Pocket Print) T Shirt,Rs 699.00 
38,Hanging Mickey - Official Mickey Mouse (Pocket Print) T Shirt,Rs 499.00 
39,Yikes - Official Mickey Mouse T Shirt,Rs 499.00 
40,Chilled To The Bone - Official Mickey Mouse T Shirt,Rs 499.00 
41,Seriously - Official Mickey Mouse T Shirt,Rs 499.00 
42,Just Sayin' - Official Mickey Mouse T Shirt,Rs 499.00 
43,Sleepy Head - Official Mickey Mouse (Pocket Print) T Shirt,Rs 499.00 
44,Music To My Ears - Official Mickey Mouse T Shirt,Rs 499.00 
45,Squid Game - Pick A Shape T-Shirt,Rs 499.00 
46,Squid Game - Card T-Shirt,Rs 499.00 
47,Squid Game - Squid Gang T-Shirt,Rs 499.00 
48,Enna Mayakkum Sundariye Official Yaathi Yaathi T-shirt,Rs 499.00 
49,Yaathi Yaathi Official T-shirt,Rs 499.00 
50,RRR Fire and Water Front and Back T-Shirt,Rs 599.00 
51,RRR Born to Ride T-Shirt,Rs 599.00 
52,RRR Born to Fight T-Shirt,Rs 599.00 
53,RRR Rise Roar Revolt T-Shirt,Rs 599.00 
54,RRR Chakra T-Shirt,Rs 599.00 
55,Chai love (Pocket Print),Rs 499.00 
56,Chennai in Madras T-Shirt,Rs 499.00 
57,Chennai Coffee love (Pocket Print),Rs 499.00 
58,Chennai Chance ey illa T-Shirt,Rs 499.00 
59,Freeya Vidu Alien T-Shirt,Rs 499.00 
60,Moodu Alien T-Shirt,Rs 499.00 
61,Yuvan Everyday T-Shirt,Rs 499.00 
62,Based on a True Story Pocket Print T-Shirt,Rs 499.00 
63,Ironman Retro – Official Marvel T-shirt,Rs 499.00 
64,Ironman Invincible – Official Marvel T-shirt,Rs 499.00 
65,Hulk Beast Mode – Official Marvel T-shirt,Rs 499.00 
66,Avengers Gold Logo – Official Marvel T-shirt,Rs 499.00 
67,Hulk Always Angry – Official Marvel T-shirt,Rs 499.00 
68,Iron man Fly high – Official Marvel T-shirt,Rs 499.00 
69,Deadpool 90s baby – Official Marvel T-shirt,Rs 499.00 
70,Avengers Glitch Logo – Official Marvel T-shirt,Rs 499.00 
71,Miles Morales Spiderman – Official Marvel T-shirt,Rs 499.00 
72,Marvel Superhero Comics – Official Marvel T-shirt,Rs 499.00 
73,Black Widow Red Guardian Shield – Official Marvel T-shirt,Rs 499.00 
74,Black Widow Done Running – Official Marvel T-shirt,Rs 499.00 
75,Black Widow Stay on Task – Official Marvel T-shirt,Rs 499.00 
76,Munnadi Pinnadi Tribute T-Shirt,Rs 499.00 
77,Idhu Beast Mode T-Shirt,Rs 399.00 
78,Loki Timeline - Official Marvel T-shirt,Rs 499.00 
79,Miss Minutes - Official Marvel T-shirt,Rs 499.00 
80,Time Hunter - Official Marvel T-shirt,Rs 499.00 
81,Come On - Official Marvel T-shirt,Rs 499.00 
82,Team Loki - Official Marvel T-shirt,Rs 499.00 
83,Loki TVA - Official Marvel T-shirt,Rs 499.00 
84,Original Gangster T-Shirt,Rs 499.00 
85,Man Without A Plan T-shirt,Rs 499.00 
86,Man With A Plan - Gym Edition T-shirt,Rs 499.00 
87,Make It Simple T-shirt,Rs 399.00 
88,My Fucking Game T-shirt,Rs 399.00 
89,Kingmaker T-shirt,Rs 399.00 
90,I am Back T-shirt,Rs 499.00 
91,Thala Pola Varuma T-shirt,Rs 499.00 
92,Don't Worry Be Happy - Vivek Tribute T-shirt,Rs 499.00 
93,Man With A Plan - Stoner T-shirt,Rs 399.00 
94,Iron Man Repulsor - Official Marvel T-shirt,Rs 399.00 
95,Vaathi Coming Otthu T Shirt,Rs 399.00 
96,Already Came Bro T-shirt,Rs 399.00 
97,Mass'ah Geth'ah T-shirt,Rs 499.00 
98,Vera Levelu Vera Levelu T-shirt,Rs 399.00 
99,Illa Enakku Puriyala T-shirt,Rs 399.00 
100,Cuckoo Cuckoo T-shirt,Rs 399.00 
101,Shit Happens That's Life T-shirt,Rs 399.00 
102,Dr. Strange - Vaazhkai Oru Vattam - Official Marvel T-shirt,Rs 399.00 
103,Thor - Vaamaa Minnal - Official Marvel T-shirt,Rs 399.00 
104,Spider Man - Dho Vandhutten - Official Marvel T-shirt,Rs 399.00 
105,Serrra Pothitu Poda T-shirt,Rs 399.00 
106,X-Men's Wolverine - Official Marvel T-shirt,Rs 399.00 
107,Black Panther Tribe - Official Marvel T-shirt,Rs 399.00 
108,The Modern Black Panther - Official Marvel T-shirt,Rs 299.00 
109,The Black Panther - Official Marvel T-shirt,Rs 399.00 
110,Wakanda Tribe - Official Marvel T-shirt,Rs 399.00 
111,Wakanda Forever - Official Marvel T-shirt,Rs 399.00 
112,90's Deadpool - Official Marvel T-shirt,Rs 399.00 
113,Deadpool Estd 1991 - Official Marvel T-shirt,Rs 499.00 
114,Minimal Deadpool - Official Marvel T-shirt,Rs 499.00 
115,Deadpool Waiting - Official Marvel T-shirt,Rs 399.00 
116,Madurai Veeran Dhaane T-shirt,Rs 399.00 
117,Captain America Origins - Official Marvel T-shirt,Rs 499.00 
118,Avengers Initiative - Official Marvel T-shirt,Rs 399.00 
119,Avengers Japanese Logo - Official Marvel T-shirt,Rs 399.00 
120,Retro Avengers - Official Marvel T-shirt,Rs 399.00 
121,Avengers Inception - Official Marvel T-shirt,Rs 499.00 
122,Spider-Man's Inception - Official Marvel T-shirt,Rs 399.00 
123,Sarcastic Spider-Man - Official Marvel T-shirt,Rs 399.00 
124,Ostrich Theriyuma T-shirt,Rs 399.00 
125,Ellame Mana Brandy T-shirt,Rs 299.00 
126,Drink Ok Please T-shirt,Rs 399.00 
127,Cheers T-shirt,Rs 299.00 
128,Engaluku 1008 vela T-shirt,Rs 399.00 
129,One Arm Distance T-shirt,Rs 499.00 
130,Less Tension More Work T-shirt,Rs 399.00 
131,The Professor T-shirt,Rs 499.00 
132,Out of office T-shirt,Rs 399.00 
133,I regret nothing T-shirt,Rs 399.00 
134,Bella Ciao Folks T-shirt,Rs 399.00 
135,Chennai Estd 1996 T-shirt,Rs 399.00 
136,Need new friends T-shirt,Rs 299.00 
137,Imposter alert T-shirt,Rs 199.00 
138,Not an Imposter T-shirt,Rs 199.00 
139,Thalapathy's No. 1 Fan T-Shirt - Maroon,Rs 399.00 
140,Filter Coffee and Chill - T-Shirt,Rs 399.00 
141,Chennai Shore	- T-Shirt,Rs 399.00 
142,No One Hates Chennai - T-Shirt,Rs 399.00 
143,Naanga adi vaagatha area've kedayaathu T-shirt,Rs 399.00 
144,Naish T-shirt,Rs 399.00 
145,Sodhikkathingada ennaiya T-shirt,Rs 399.00 
146,Pullaingo Mashup T-Shirt - Black,Rs 399.00 
147,I Was Not Ready Da - Aravind SA Official T-Shirt - Navy,Rs 499.00 
148,Film Buff T-Shirt,Rs 399.00 
149,I'm Aal You Need - Oh My Kadavule Official T-shirt,Rs 199.00 
150,Bae Area - Oh My Kadavule Official T-shirt,Rs 399.00 
151,Sathiya Sodhanai T-shirt,Rs 399.00 
152,No Comments Simply Waste T-shirt,Rs 399.00 
153,Naan Romba Busy T-shirt,Rs 399.00 
154,Start Music T-shirt,Rs 199.00 
155,Bella Ciao T-Shirt,Rs 399.00 
156,Darbar Official: 3D Logo T-Shirt,Rs 199.00 
157,Thalaivar Cinematic Universe T-Shirt,Rs 499.00 
158,Superstar Thunai T-Shirt,Rs 399.00 
159,I Love Superstar T-Shirt,Rs 199.00 
160,Venaam Valikuthu Aluthuruven T-shirt,Rs 399.00 
161,Vada Poche T-shirt,Rs 399.00 
162,Poda Enn Chips'u T-shirt,Rs 399.00 
163,Thalapathy Fan T-Shirt,Rs 399.00 
164,Pullaingo Mashup T-Shirt - White,Rs 199.00 
165,Rebel - Kaappaan Official T-Shirt,Rs 199.00 
166,Anbana Fan - Kaappaan Official T-Shirt,Rs 199.00 
167,I Love Madras T-Shirt,Rs 399.00 
168,Naadi Narambellam Biriyani - Evam Praveen Official T-Shirt,Rs 399.00 
169,AR Rah-(What A)-Man - Nicketronix Official T-Shirt - Black,Rs 399.00 
170,Cool Cool - Brooklyn 99 T-Shirt,Rs 399.00 
171,Billion Dreams T-Shirt,Rs 199.00 
172,Friends Pickup Line - Nicketronix Official T-Shirt - White,Rs 399.00 
173,Surprise T-Shirt,Rs 249.00 
174,Fan Base T-Shirt,Rs 399.00 
175,Full meals and Chill T-Shirt - Red,Rs 199.00 
176,Thugappa - Yellow,Rs 399.00 
177,Winner Winner Kuska Dinner T-Shirt,Rs 399.00 
178,Sethupathi Fan Tribute T-Shirt,Rs 399.00 
179,Obsessive Cinema Disorder T-Shirt,Rs 299.00 
180,Being Single T-Shirt,Rs 299.00 
181,Machi Oru Quarter Sollen - Awesome Machi Official T-Shirt,Rs 199.00 
182,Dope T-Shirt,Rs 399.00 
183,Morattu Single T-Shirt,Rs 299.00 
184,Namakku Soru Dhaan Mukkiyam T-Shirt,Rs 399.00 
185,Highdidas T-Shirt,Rs 399.00 
186,Please Recharge T-Shirt,Rs 299.00 
187,FB Privacy T-Shirt,Rs 399.00 
188,Wanderer T-Shirt,Rs 399.00 
189,Positivitea T-Shirt,Rs 399.00 
190,Spoiler Alert T-Shirt,Rs 399.00 
191,Hello Dubai-Ah? T-Shirt,Rs 399.00 
192,Fully Broke T-shirt,Rs 399.00 
193,Love Peace Biriyani T-Shirt,Rs 399.00 
194,Made in the 90s T Shirt,Rs 399.00 
195,Same Shit Different Day T-Shirt,Rs 299.00 
196,Roti Kapda Aur Cinema T-Shirt,Rs 199.00 
197,Kabhi Whiskey Kabhi Rum T-Shirt,Rs 399.00 
198,Bowling-aa Fielding-aa Official Chennai 600028-II T-Shirt,Rs 399.00 
199,Straight Outta Madras - Black Edition T-Shirt,Rs 399.00 
200,Based on a True Story T-Shirt,Rs 399.00 
201,SuperStarbucks T-Shirt,Rs 399.00 
202,Rahmaniac T-Shirt,Rs 299.00 
203,Straight Outta Madras - Yellow Edition T-Shirt,Rs 399.00 
204,Moodu T-Shirt,Rs 399.00 
205,I am Madras T-Shirt,Rs 399.00 
206,Being Thala T-Shirt,Rs 299.00 
207,Naan Apadiye Shock Aayiten T-shirt,Rs 499.00 
208,Manda Bathram T-Shirt,Rs 399.00 
209,You Are Eliminated T-Shirt,Rs 499.00 
210,Straight Outta 90s T-Shirt,Rs 399.00 
211,Dancing Rose Tribute T-Shirt,Rs 399.00 
212,Man With A Plan - Foodie Edition T-shirt,Rs 399.00 
213,Written and Directed by Chennai T-Shirt,Rs 399.00 
214,Dosa T-Shirt,Rs 399.00 
215,Loki Variant - Official Marvel T-shirt,Rs 399.00 
216,Loki Logo - Official Marvel T-shirt,Rs 399.00 
217,Say My Name T-shirt,Rs 399.00 
218,Spiderverse Spider Logo – Official Marvel T-shirt,Rs 399.00 
219,Vaathi Coming Dhoni T-shirt,Rs 399.00 
220,Vaccinated T-Shirt,Rs 399.00 
221,U1 Positive T-Shirt,Rs 399.00 
222,Miss Minutes Yellow - Official Marvel T-shirt,Rs 399.00 
223,Official Classic Marvel T-shirt,Rs 399.00 
224,40-60 Memes T-shirt,Rs 399.00 
225,Aaniyae Pudunga Vendam T-shirt,Rs 399.00 
226,Captain's Shield - Official Marvel T-shirt,Rs 399.00 
227,Black Widow Task Master – Official Marvel T-shirt,Rs 399.00 
228,Loki BeLIEve - Official Marvel T-shirt,Rs 399.00 
229,Positivitea Yellow T-Shirt,Rs 399.00 
230,Professor Man with a plan T-Shirt,Rs 399.00 
231,Power is a State of Mind T-Shirt,Rs 399.00 
232,Ostrich Theriyuma T-shirt - Navy Blue,Rs 399.00 
233,Vaathi Coming T-shirt,Rs 399.00 
